f_p_trap,TBR_req,I_startup [kg]
0.0001,1.094,1.84787688762209
0.001,1.096,1.90412872624239
0.01,1.101,1.97799654776965
0.1,1.131,2.48987525833014
