f_p_trap,TBR_req,I_startup [kg]
0.0001,1.159,3.21837820926554
0.001,1.162,3.28206306373676
0.01,1.169,3.40907093119327
0.1,1.22899999999999,4.40131812819864
