f_p_trap,TBR_req,I_startup [kg]
0.0001,1.055,1.02953521910551
0.001,1.057,1.06483017343829
0.01,1.059,1.11708891348303
0.1,1.073,1.3404161004455
